<?xml version="1.0" encoding="UTF-8"?>
<GenRun Id="synth_1" LaunchPart="xc7a35tcpg236-1" LaunchTime="1758887587">
  <File Type="PA-TCL" Name="bintosegd.tcl"/>
  <File Type="RDS-PROPCONSTRS" Name="bintosegd_drc_synth.rpt"/>
  <File Type="REPORTS-TCL" Name="bintosegd_reports.tcl"/>
  <File Type="RDS-RDS" Name="bintosegd.vds"/>
  <File Type="RDS-UTIL" Name="bintosegd_utilization_synth.rpt"/>
  <File Type="RDS-UTIL-PB" Name="bintosegd_utilization_synth.pb"/>
  <File Type="RDS-DCP" Name="bintosegd.dcp"/>
  <File Type="VDS-TIMINGSUMMARY" Name="bintosegd_timing_summary_synth.rpt"/>
  <File Type="VDS-TIMING-PB" Name="bintosegd_timing_summary_synth.pb"/>
  <FileSet Name="sources" Type="DesignSrcs" RelSrcDir="$PSRCDIR/sources_1">
    <Filter Type="Srcs"/>
    <File Path="$PSRCDIR/sources_1/new/segd.v">
      <FileInfo>
        <Attr Name="UsedIn" Val="synthesis"/>
        <Attr Name="UsedIn" Val="implementation"/>
        <Attr Name="UsedIn" Val="simulation"/>
      </FileInfo>
    </File>
    <Config>
      <Option Name="DesignMode" Val="RTL"/>
      <Option Name="TopModule" Val="bintosegd"/>
      <Option Name="TopAutoSet" Val="TRUE"/>
    </Config>
  </FileSet>
  <FileSet Name="constrs_in" Type="Constrs" RelSrcDir="$PSRCDIR/constrs_1">
    <Filter Type="Constrs"/>
    <File Path="$PPRDIR/../project_3_bintoseg/project_3_bintoseg.srcs/constrs_1/new/seg_constrain.xdc">
      <FileInfo>
        <Attr Name="UsedIn" Val="synthesis"/>
        <Attr Name="UsedIn" Val="implementation"/>
      </FileInfo>
    </File>
    <Config>
      <Option Name="ConstrsType" Val="XDC"/>
    </Config>
  </FileSet>
  <FileSet Name="utils" Type="Utils" RelSrcDir="$PSRCDIR/utils_1">
    <Filter Type="Utils"/>
    <Config>
      <Option Name="TopAutoSet" Val="TRUE"/>
    </Config>
  </FileSet>
  <Strategy Version="1" Minor="2">
    <StratHandle Name="Vivado Synthesis Defaults" Flow="Vivado Synthesis 2019"/>
    <Step Id="synth_design"/>
  </Strategy>
</GenRun>
