<?xml version="1.0" encoding="UTF-8"?>
<GenRun Id="impl_1" LaunchPart="xc7a35tcpg236-1" LaunchTime="1758887626">
  <File Type="BITSTR-BMM" Name="bintosegd_bd.bmm"/>
  <File Type="OPT-METHODOLOGY-DRC" Name="bintosegd_methodology_drc_opted.rpt"/>
  <File Type="INIT-TIMING" Name="bintosegd_timing_summary_init.rpt"/>
  <File Type="ROUTE-PWR" Name="bintosegd_power_routed.rpt"/>
  <File Type="PA-TCL" Name="bintosegd.tcl"/>
  <File Type="OPT-TIMING" Name="bintosegd_timing_summary_opted.rpt"/>
  <File Type="OPT-DCP" Name="bintosegd_opt.dcp"/>
  <File Type="ROUTE-PWR-SUM" Name="bintosegd_power_summary_routed.pb"/>
  <File Type="REPORTS-TCL" Name="bintosegd_reports.tcl"/>
  <File Type="OPT-DRC" Name="bintosegd_drc_opted.rpt"/>
  <File Type="OPT-HWDEF" Name="bintosegd.hwdef"/>
  <File Type="PWROPT-DCP" Name="bintosegd_pwropt.dcp"/>
  <File Type="PWROPT-DRC" Name="bintosegd_drc_pwropted.rpt"/>
  <File Type="PWROPT-TIMING" Name="bintosegd_timing_summary_pwropted.rpt"/>
  <File Type="PLACE-DCP" Name="bintosegd_placed.dcp"/>
  <File Type="PLACE-IO" Name="bintosegd_io_placed.rpt"/>
  <File Type="PLACE-CLK" Name="bintosegd_clock_utilization_placed.rpt"/>
  <File Type="PLACE-UTIL" Name="bintosegd_utilization_placed.rpt"/>
  <File Type="PLACE-UTIL-PB" Name="bintosegd_utilization_placed.pb"/>
  <File Type="PLACE-CTRL" Name="bintosegd_control_sets_placed.rpt"/>
  <File Type="PLACE-SIMILARITY" Name="bintosegd_incremental_reuse_placed.rpt"/>
  <File Type="PLACE-PRE-SIMILARITY" Name="bintosegd_incremental_reuse_pre_placed.rpt"/>
  <File Type="BG-BGN" Name="bintosegd.bgn"/>
  <File Type="PLACE-TIMING" Name="bintosegd_timing_summary_placed.rpt"/>
  <File Type="POSTPLACE-PWROPT-DCP" Name="bintosegd_postplace_pwropt.dcp"/>
  <File Type="BG-BIN" Name="bintosegd.bin"/>
  <File Type="POSTPLACE-PWROPT-TIMING" Name="bintosegd_timing_summary_postplace_pwropted.rpt"/>
  <File Type="PHYSOPT-DCP" Name="bintosegd_physopt.dcp"/>
  <File Type="PHYSOPT-DRC" Name="bintosegd_drc_physopted.rpt"/>
  <File Type="BITSTR-MSK" Name="bintosegd.msk"/>
  <File Type="PHYSOPT-TIMING" Name="bintosegd_timing_summary_physopted.rpt"/>
  <File Type="ROUTE-ERROR-DCP" Name="bintosegd_routed_error.dcp"/>
  <File Type="ROUTE-DCP" Name="bintosegd_routed.dcp"/>
  <File Type="ROUTE-BLACKBOX-DCP" Name="bintosegd_routed_bb.dcp"/>
  <File Type="ROUTE-DRC" Name="bintosegd_drc_routed.rpt"/>
  <File Type="ROUTE-DRC-PB" Name="bintosegd_drc_routed.pb"/>
  <File Type="BITSTR-LTX" Name="debug_nets.ltx"/>
  <File Type="BITSTR-LTX" Name="bintosegd.ltx"/>
  <File Type="ROUTE-DRC-RPX" Name="bintosegd_drc_routed.rpx"/>
  <File Type="BITSTR-MMI" Name="bintosegd.mmi"/>
  <File Type="ROUTE-METHODOLOGY-DRC" Name="bintosegd_methodology_drc_routed.rpt"/>
  <File Type="ROUTE-METHODOLOGY-DRC-RPX" Name="bintosegd_methodology_drc_routed.rpx"/>
  <File Type="BITSTR-SYSDEF" Name="bintosegd.sysdef"/>
  <File Type="ROUTE-METHODOLOGY-DRC-PB" Name="bintosegd_methodology_drc_routed.pb"/>
  <File Type="ROUTE-PWR-RPX" Name="bintosegd_power_routed.rpx"/>
  <File Type="ROUTE-STATUS" Name="bintosegd_route_status.rpt"/>
  <File Type="ROUTE-STATUS-PB" Name="bintosegd_route_status.pb"/>
  <File Type="ROUTE-TIMINGSUMMARY" Name="bintosegd_timing_summary_routed.rpt"/>
  <File Type="ROUTE-TIMING-PB" Name="bintosegd_timing_summary_routed.pb"/>
  <File Type="ROUTE-TIMING-RPX" Name="bintosegd_timing_summary_routed.rpx"/>
  <File Type="ROUTE-SIMILARITY" Name="bintosegd_incremental_reuse_routed.rpt"/>
  <File Type="ROUTE-CLK" Name="bintosegd_clock_utilization_routed.rpt"/>
  <File Type="ROUTE-BUS-SKEW" Name="bintosegd_bus_skew_routed.rpt"/>
  <File Type="ROUTE-BUS-SKEW-PB" Name="bintosegd_bus_skew_routed.pb"/>
  <File Type="ROUTE-BUS-SKEW-RPX" Name="bintosegd_bus_skew_routed.rpx"/>
  <File Type="POSTROUTE-PHYSOPT-DCP" Name="bintosegd_postroute_physopt.dcp"/>
  <File Type="POSTROUTE-PHYSOPT-BLACKBOX-DCP" Name="bintosegd_postroute_physopt_bb.dcp"/>
  <File Type="POSTROUTE-PHYSOPT-TIMING" Name="bintosegd_timing_summary_postroute_physopted.rpt"/>
  <File Type="POSTROUTE-PHYSOPT-TIMING-PB" Name="bintosegd_timing_summary_postroute_physopted.pb"/>
  <File Type="POSTROUTE-PHYSOPT-TIMING-RPX" Name="bintosegd_timing_summary_postroute_physopted.rpx"/>
  <File Type="POSTROUTE-PHYSOPT-BUS-SKEW" Name="bintosegd_bus_skew_postroute_physopted.rpt"/>
  <File Type="POSTROUTE-PHYSOPT-BUS-SKEW-PB" Name="bintosegd_bus_skew_postroute_physopted.pb"/>
  <File Type="BG-BIT" Name="bintosegd.bit"/>
  <File Type="POSTROUTE-PHYSOPT-BUS-SKEW-RPX" Name="bintosegd_bus_skew_postroute_physopted.rpx"/>
  <File Type="BITSTR-RBT" Name="bintosegd.rbt"/>
  <File Type="BITSTR-NKY" Name="bintosegd.nky"/>
  <File Type="BG-DRC" Name="bintosegd.drc"/>
  <File Type="RDI-RDI" Name="bintosegd.vdi"/>
  <File Type="WBT-USG" Name="usage_statistics_webtalk.html"/>
  <FileSet Name="sources" Type="DesignSrcs" RelSrcDir="$PSRCDIR/sources_1">
    <Filter Type="Srcs"/>
    <File Path="$PSRCDIR/sources_1/new/segd.v">
      <FileInfo>
        <Attr Name="UsedIn" Val="synthesis"/>
        <Attr Name="UsedIn" Val="implementation"/>
        <Attr Name="UsedIn" Val="simulation"/>
      </FileInfo>
    </File>
    <Config>
      <Option Name="DesignMode" Val="RTL"/>
      <Option Name="TopModule" Val="bintosegd"/>
      <Option Name="TopAutoSet" Val="TRUE"/>
    </Config>
  </FileSet>
  <FileSet Name="constrs_in" Type="Constrs" RelSrcDir="$PSRCDIR/constrs_1">
    <Filter Type="Constrs"/>
    <File Path="$PPRDIR/../project_3_bintoseg/project_3_bintoseg.srcs/constrs_1/new/seg_constrain.xdc">
      <FileInfo>
        <Attr Name="UsedIn" Val="synthesis"/>
        <Attr Name="UsedIn" Val="implementation"/>
      </FileInfo>
    </File>
    <Config>
      <Option Name="ConstrsType" Val="XDC"/>
    </Config>
  </FileSet>
  <FileSet Name="utils" Type="Utils" RelSrcDir="$PSRCDIR/utils_1">
    <Filter Type="Utils"/>
    <Config>
      <Option Name="TopAutoSet" Val="TRUE"/>
    </Config>
  </FileSet>
  <Strategy Version="1" Minor="2">
    <StratHandle Name="Vivado Implementation Defaults" Flow="Vivado Implementation 2019"/>
    <Step Id="init_design"/>
    <Step Id="opt_design"/>
    <Step Id="power_opt_design"/>
    <Step Id="place_design"/>
    <Step Id="post_place_power_opt_design"/>
    <Step Id="phys_opt_design"/>
    <Step Id="route_design"/>
    <Step Id="post_route_phys_opt_design"/>
    <Step Id="write_bitstream"/>
  </Strategy>
</GenRun>
